DATE,TIME,XR,YR,HEIGHT,TSS1,TSS2,TSS3,ALT,DEP,HEAD,LINE,DISCARD1,DISCARD2
22-05-2023,13:57:37.423,304305.78,6030991.52,NA,-3,5,2,0.79,40.18,174.34,214,NA,NA
22-05-2023,13:57:37.209,304305.77,6030991.63,NA,-1,18,2,0.78,40.19,174.27,214,NA,NA
22-05-2023,13:57:36.995,304305.75,6030991.73,NA,-1,-3,3,0.79,40.19,174.2,214,NA,NA
22-05-2023,13:57:36.673,304305.72,6030991.88,NA,2,2,4,0.78,40.19,174.13,214,NA,NA
22-05-2023,13:57:36.458,304305.71,6030991.98,NA,2,2,4,0.77,40.19,174.09,214,NA,NA
22-05-2023,13:57:36.245,304305.69,6030992.09,NA,-1,0,-3,0.77,40.2,174.05,214,NA,NA
22-05-2023,13:57:35.925,304305.66,6030992.24,NA,-2,0,-6,0.76,40.19,173.98,214,NA,NA
22-05-2023,13:57:35.711,304305.65,6030992.34,NA,-1,0,-1,0.76,40.17,173.95,214,NA,NA
22-05-2023,13:57:35.498,304305.63,6030992.45,NA,-1,-1,-2,0.76,40.16,173.94,214,NA,NA
22-05-2023,13:57:35.180,304305.61,6030992.6,NA,-2,-2,1,0.75,40.17,173.93,214,NA,NA
22-05-2023,13:57:34.965,304305.6,6030992.7,NA,6,-1,11,0.75,40.16,173.91,214,NA,NA
22-05-2023,13:57:34.752,304305.58,6030992.8,NA,5,-1,12,0.74,40.15,173.88,214,NA,NA
22-05-2023,13:57:34.432,304305.56,6030992.94,NA,4,2,1,0.74,40.14,173.84,214,NA,NA
22-05-2023,13:57:34.218,304305.55,6030993.04,NA,-3,1,4,0.73,40.14,173.82,214,NA,NA
22-05-2023,13:57:34.004,304305.53,6030993.14,NA,-3,1,4,0.73,40.15,173.81,214,NA,NA
22-05-2023,13:57:33.685,304305.52,6030993.28,NA,3,-2,-1,0.73,40.13,173.85,214,NA,NA
22-05-2023,13:57:33.471,304305.51,6030993.38,NA,1,0,-2,0.72,40.13,173.88,214,NA,NA
22-05-2023,13:57:33.257,304305.5,6030993.47,NA,0,0,-7,0.71,40.13,173.92,214,NA,NA
22-05-2023,13:57:32.936,304305.49,6030993.61,NA,0,1,-5,0.71,40.12,173.98,214,NA,NA
22-05-2023,13:57:32.722,304305.48,6030993.71,NA,1,-1,0,0.7,40.12,174.03,214,NA,NA
22-05-2023,13:57:32.508,304305.48,6030993.8,NA,2,-2,-1,0.7,40.13,174.06,214,NA,NA
22-05-2023,13:57:32.189,304305.47,6030993.94,NA,-3,1,-5,0.69,40.12,174.1,214,NA,NA
22-05-2023,13:57:31.975,304305.46,6030994.04,NA,2,-1,-4,0.68,40.12,174.12,214,NA,NA
22-05-2023,13:57:31.759,304305.45,6030994.13,NA,-2,1,-6,0.68,40.12,174.13,214,NA,NA
22-05-2023,13:57:31.438,304305.44,6030994.27,NA,-2,1,-6,0.68,40.12,174.13,214,NA,NA
22-05-2023,13:57:31.224,304305.43,6030994.37,NA,0,0,-4,0.69,40.12,174.13,214,NA,NA
22-05-2023,13:57:31.009,304305.42,6030994.46,NA,-1,1,-3,0.69,40.12,174.14,214,NA,NA
22-05-2023,13:57:30.688,304305.41,6030994.61,NA,-1,-2,-2,0.71,40.1,174.14,214,NA,NA
22-05-2023,13:57:30.474,304305.4,6030994.7,NA,-2,-2,1,0.71,40.1,174.11,214,NA,NA
22-05-2023,13:57:30.154,304305.38,6030994.85,NA,-2,0,4,0.72,40.09,174.06,214,NA,NA
22-05-2023,13:57:29.939,304305.36,6030994.94,NA,0,-2,4,0.73,40.1,174.02,214,NA,NA
22-05-2023,13:57:29.726,304305.35,6030995.04,NA,0,-1,3,0.73,40.11,173.94,214,NA,NA
22-05-2023,13:57:29.404,304305.32,6030995.18,NA,-2,0,1,0.74,40.11,173.86,214,NA,NA
22-05-2023,13:57:29.189,304305.31,6030995.28,NA,1,1,1,0.74,40.11,173.8,214,NA,NA
22-05-2023,13:57:28.977,304305.29,6030995.37,NA,-1,1,-1,0.75,40.1,173.73,214,NA,NA
22-05-2023,13:57:28.655,304305.26,6030995.51,NA,0,0,-1,0.75,40.1,173.64,214,NA,NA
22-05-2023,13:57:28.442,304305.25,6030995.6,NA,1,1,0,0.76,40.1,173.59,214,NA,NA
22-05-2023,13:57:28.230,304305.23,6030995.69,NA,-1,-1,-7,0.78,40.09,173.55,214,NA,NA
22-05-2023,13:57:27.910,304305.21,6030995.83,NA,1,1,-7,0.76,40.1,173.48,214,NA,NA
22-05-2023,13:57:27.696,304305.2,6030995.93,NA,2,0,-5,0.77,40.09,173.46,214,NA,NA
22-05-2023,13:57:27.481,304305.19,6030996.03,NA,3,1,-3,0.77,40.08,173.44,214,NA,NA
22-05-2023,13:57:27.161,304305.17,6030996.17,NA,3,1,-3,0.78,40.08,173.41,214,NA,NA
22-05-2023,13:57:26.946,304305.16,6030996.27,NA,-2,0,-4,0.79,40.08,173.41,214,NA,NA
22-05-2023,13:57:26.731,304305.15,6030996.36,NA,0,1,4,0.79,40.09,173.4,214,NA,NA
22-05-2023,13:57:26.408,304305.14,6030996.51,NA,6,1,11,0.8,40.08,173.41,214,NA,NA
22-05-2023,13:57:26.194,304305.13,6030996.6,NA,-2,1,-8,0.81,40.07,173.41,214,NA,NA
22-05-2023,13:57:25.981,304305.13,6030996.69,NA,-2,1,-8,0.82,40.07,173.43,214,NA,NA
22-05-2023,13:57:25.661,304305.12,6030996.83,NA,-10,4,-11,0.83,40.06,173.51,214,NA,NA
22-05-2023,13:57:25.445,304305.12,6030996.93,NA,-10,-1,1,0.83,40.06,173.57,214,NA,NA
22-05-2023,13:57:25.233,304305.12,6030997.02,NA,-1,2,7,0.84,40.07,173.66,214,NA,NA
22-05-2023,13:57:24.912,304305.12,6030997.17,NA,-2,3,5,0.83,40.06,173.87,214,NA,NA
22-05-2023,13:57:24.698,304305.12,6030997.26,NA,-7,3,1,0.83,40.06,173.98,214,NA,NA
22-05-2023,13:57:24.482,304305.12,6030997.36,NA,-4,2,6,0.83,40.08,174.09,214,NA,NA
22-05-2023,13:57:24.164,304305.12,6030997.5,NA,-4,-2,5,0.83,40.08,174.23,214,NA,NA
22-05-2023,13:57:23.951,304305.12,6030997.59,NA,-6,0,4,0.83,40.09,174.32,214,NA,NA
22-05-2023,13:57:23.737,304305.13,6030997.68,NA,-10,-1,2,0.83,40.1,174.39,214,NA,NA
22-05-2023,13:57:23.415,304305.13,6030997.82,NA,7,3,-1,0.82,40.09,174.52,214,NA,NA
22-05-2023,13:57:23.202,304305.13,6030997.92,NA,2,1,1,0.82,40.1,174.55,214,NA,NA
22-05-2023,13:57:22.989,304305.13,6030998.01,NA,2,1,1,0.82,40.11,174.55,214,NA,NA
22-05-2023,13:57:22.667,304305.12,6030998.15,NA,1,-1,0,0.82,40.12,174.54,214,NA,NA
22-05-2023,13:57:22.455,304305.12,6030998.25,NA,-1,-1,3,0.82,40.13,174.55,214,NA,NA
22-05-2023,13:57:22.243,304305.12,6030998.34,NA,1,0,2,0.83,40.13,174.55,214,NA,NA
22-05-2023,13:57:21.922,304305.11,6030998.48,NA,-8,1,2,0.83,40.13,174.51,214,NA,NA
22-05-2023,13:57:21.709,304305.1,6030998.57,NA,-6,2,-3,0.83,40.13,174.47,214,NA,NA
22-05-2023,13:57:21.495,304305.1,6030998.67,NA,1,2,-12,0.83,40.14,174.43,214,NA,NA
22-05-2023,13:57:21.174,304305.08,6030998.81,NA,4,1,-2,0.83,40.14,174.34,214,NA,NA
22-05-2023,13:57:20.960,304305.07,6030998.91,NA,8,3,-3,0.83,40.14,174.27,214,NA,NA
22-05-2023,13:57:20.747,304305.05,6030999,NA,7,-1,-2,0.83,40.14,174.19,214,NA,NA
22-05-2023,13:57:20.424,304305.03,6030999.15,NA,7,-1,-2,0.82,40.16,174,214,NA,NA
22-05-2023,13:57:20.212,304305.01,6030999.24,NA,-1,2,-2,0.82,40.17,173.89,214,NA,NA
22-05-2023,13:57:19.999,304304.99,6030999.34,NA,-7,1,-2,0.81,40.17,173.78,214,NA,NA
22-05-2023,13:57:19.678,304304.97,6030999.48,NA,8,2,0,0.8,40.18,173.66,214,NA,NA
22-05-2023,13:57:19.465,304304.95,6030999.58,NA,7,2,-2,0.8,40.2,173.59,214,NA,NA
22-05-2023,13:57:19.251,304304.93,6030999.68,NA,0,-1,2,0.79,40.2,173.54,214,NA,NA
22-05-2023,13:57:18.931,304304.9,6030999.83,NA,2,-2,-1,0.78,40.21,173.5,214,NA,NA
22-05-2023,13:57:18.719,304304.88,6030999.93,NA,14,-10,-1,0.78,40.22,173.49,214,NA,NA
22-05-2023,13:57:18.398,304304.86,6031000.08,NA,0,-2,-1,0.76,40.21,173.49,214,NA,NA
22-05-2023,13:57:18.183,304304.84,6031000.18,NA,-1,2,1,0.76,40.22,173.53,214,NA,NA
22-05-2023,13:57:17.969,304304.83,6031000.29,NA,-6,1,1,0.76,40.23,173.57,214,NA,NA
22-05-2023,13:57:17.648,304304.81,6031000.44,NA,0,-3,1,0.75,40.22,173.64,214,NA,NA
22-05-2023,13:57:17.434,304304.8,6031000.55,NA,0,8,0,0.75,40.2,173.69,214,NA,NA
22-05-2023,13:57:17.221,304304.79,6031000.65,NA,0,8,0,0.75,40.2,173.72,214,NA,NA
22-05-2023,13:57:16.902,304304.76,6031000.81,NA,-13,-4,0,0.75,40.18,173.72,214,NA,NA
22-05-2023,13:57:16.689,304304.74,6031000.92,NA,-3,-1,0,0.75,40.18,173.71,214,NA,NA
22-05-2023,13:57:16.476,304304.73,6031001.03,NA,-1,-2,1,0.75,40.17,173.69,214,NA,NA
22-05-2023,13:57:16.153,304304.7,6031001.19,NA,3,-3,0,0.75,40.16,173.68,214,NA,NA
22-05-2023,13:57:15.938,304304.68,6031001.3,NA,1,4,-1,0.77,40.13,173.65,214,NA,NA
22-05-2023,13:57:15.725,304304.66,6031001.41,NA,-3,0,-1,0.77,40.11,173.57,214,NA,NA
22-05-2023,13:57:15.406,304304.63,6031001.58,NA,-3,6,1,0.77,40.11,173.45,214,NA,NA
22-05-2023,13:57:15.193,304304.61,6031001.68,NA,-6,7,0,0.78,40.1,173.37,214,NA,NA
22-05-2023,13:57:14.980,304304.59,6031001.79,NA,-3,4,1,0.78,40.07,173.28,214,NA,NA
22-05-2023,13:57:14.659,304304.56,6031001.95,NA,-3,4,1,0.8,40.05,173.18,214,NA,NA
22-05-2023,13:57:14.445,304304.55,6031002.05,NA,-1,1,0,0.8,40.03,173.16,214,NA,NA
22-05-2023,13:57:14.231,304304.53,6031002.15,NA,0,-3,1,0.81,40.01,173.18,214,NA,NA
22-05-2023,13:57:13.910,304304.51,6031002.3,NA,2,-2,1,0.81,39.99,173.22,214,NA,NA
22-05-2023,13:57:13.696,304304.5,6031002.4,NA,-2,5,-1,0.82,39.98,173.25,214,NA,NA
22-05-2023,13:57:13.483,304304.49,6031002.5,NA,-2,5,0,0.82,39.97,173.28,214,NA,NA
22-05-2023,13:57:13.162,304304.47,6031002.64,NA,-4,10,1,0.83,39.95,173.32,214,NA,NA
22-05-2023,13:57:12.948,304304.46,6031002.74,NA,-2,-4,1,0.84,39.94,173.33,214,NA,NA
22-05-2023,13:57:12.733,304304.46,6031002.83,NA,1,-1,1,0.84,39.94,173.34,214,NA,NA
22-05-2023,13:57:12.414,304304.45,6031002.97,NA,-1,-1,0,0.84,39.94,173.36,214,NA,NA
22-05-2023,13:57:12.200,304304.44,6031003.06,NA,-2,-8,2,0.84,39.93,173.36,214,NA,NA
22-05-2023,13:57:11.985,304304.44,6031003.16,NA,-3,-8,-2,0.83,39.94,173.35,214,NA,NA
22-05-2023,13:57:11.662,304304.43,6031003.29,NA,-3,-8,-2,0.82,39.96,173.37,214,NA,NA
22-05-2023,13:57:11.450,304304.44,6031003.38,NA,-1,-7,3,0.82,39.98,173.41,214,NA,NA
22-05-2023,13:57:11.236,304304.44,6031003.47,NA,0,8,-1,0.82,39.99,173.45,214,NA,NA
22-05-2023,13:57:10.914,304304.44,6031003.6,NA,0,17,-2,0.81,39.99,173.52,214,NA,NA
22-05-2023,13:57:10.700,304304.45,6031003.69,NA,-2,17,3,0.81,40.01,173.57,214,NA,NA
22-05-2023,13:57:10.486,304304.46,6031003.78,NA,-3,15,0,0.81,40.03,173.62,214,NA,NA
22-05-2023,13:57:10.166,304304.47,6031003.91,NA,-2,1,0,0.81,40.06,173.75,214,NA,NA
22-05-2023,13:57:09.953,304304.48,6031003.99,NA,-3,-1,-1,0.81,40.07,173.86,214,NA,NA
22-05-2023,13:57:09.738,304304.49,6031004.08,NA,-2,-3,0,0.81,40.07,173.96,214,NA,NA
22-05-2023,13:57:09.420,304304.5,6031004.21,NA,0,-7,2,0.82,40.07,174.16,214,NA,NA
22-05-2023,13:57:09.207,304304.51,6031004.3,NA,0,-7,2,0.82,40.11,174.27,214,NA,NA
22-05-2023,13:57:08.888,304304.53,6031004.43,NA,1,0,-1,0.82,40.13,174.43,214,NA,NA
22-05-2023,13:57:08.672,304304.54,6031004.52,NA,1,-8,-1,0.82,40.14,174.52,214,NA,NA
22-05-2023,13:57:08.458,304304.54,6031004.61,NA,-1,-1,3,0.82,40.14,174.61,214,NA,NA
22-05-2023,13:57:08.140,304304.55,6031004.75,NA,-2,-1,-5,0.82,40.16,174.72,214,NA,NA
22-05-2023,13:57:07.928,304304.56,6031004.84,NA,-1,-1,-3,0.81,40.19,174.79,214,NA,NA
22-05-2023,13:57:07.715,304304.56,6031004.94,NA,-2,1,-2,0.83,40.21,174.83,214,NA,NA
22-05-2023,13:57:07.395,304304.55,6031005.08,NA,0,1,-1,0.81,40.24,174.87,214,NA,NA
22-05-2023,13:57:07.181,304304.55,6031005.17,NA,0,1,0,0.8,40.25,174.89,214,NA,NA
22-05-2023,13:57:06.966,304304.55,6031005.27,NA,0,1,1,0.82,40.25,174.91,214,NA,NA
22-05-2023,13:57:06.645,304304.53,6031005.41,NA,0,1,1,0.79,40.26,174.94,214,NA,NA
22-05-2023,13:57:06.429,304304.53,6031005.51,NA,3,1,4,0.79,40.26,174.98,214,NA,NA
22-05-2023,13:57:06.215,304304.52,6031005.61,NA,3,3,14,0.79,40.28,175.04,214,NA,NA
22-05-2023,13:57:05.895,304304.51,6031005.76,NA,-9,-2,7,0.79,40.28,175.08,214,NA,NA
22-05-2023,13:57:05.683,304304.49,6031005.86,NA,-4,1,1,0.78,40.29,175.07,214,NA,NA
22-05-2023,13:57:05.469,304304.48,6031005.96,NA,7,1,-3,0.77,40.3,175.02,214,NA,NA
22-05-2023,13:57:05.149,304304.45,6031006.11,NA,1,0,-5,0.76,40.3,174.95,214,NA,NA
22-05-2023,13:57:04.934,304304.43,6031006.22,NA,1,0,-5,0.77,40.29,174.89,214,NA,NA
22-05-2023,13:57:04.721,304304.41,6031006.32,NA,3,-1,-11,0.75,40.3,174.77,214,NA,NA
22-05-2023,13:57:04.401,304304.37,6031006.48,NA,-2,2,-2,0.75,40.29,174.62,214,NA,NA
22-05-2023,13:57:04.187,304304.34,6031006.58,NA,-1,3,-3,0.74,40.29,174.53,214,NA,NA
22-05-2023,13:57:03.972,304304.32,6031006.68,NA,1,-1,-1,0.74,40.27,174.45,214,NA,NA
22-05-2023,13:57:03.655,304304.28,6031006.83,NA,-1,2,-2,0.74,40.26,174.32,214,NA,NA
22-05-2023,13:57:03.441,304304.25,6031006.94,NA,1,0,-1,0.74,40.24,174.23,214,NA,NA
22-05-2023,13:57:03.228,304304.22,6031007.04,NA,-1,1,-1,0.75,40.22,174.05,214,NA,NA
22-05-2023,13:57:02.907,304304.18,6031007.19,NA,-2,0,4,0.75,40.22,173.86,214,NA,NA
22-05-2023,13:57:02.695,304304.16,6031007.29,NA,4,-2,-4,0.74,40.2,173.76,214,NA,NA
22-05-2023,13:57:02.481,304304.13,6031007.39,NA,-3,0,0,0.75,40.18,173.67,214,NA,NA
22-05-2023,13:57:02.160,304304.09,6031007.55,NA,-9,-1,7,0.75,40.16,173.51,214,NA,NA
22-05-2023,13:57:01.945,304304.06,6031007.65,NA,-6,-2,5,0.75,40.15,173.42,214,NA,NA
22-05-2023,13:57:01.729,304304.04,6031007.75,NA,2,0,3,0.74,40.15,173.33,214,NA,NA
22-05-2023,13:57:01.409,304304.01,6031007.9,NA,-2,0,0,0.74,40.12,173.25,214,NA,NA
22-05-2023,13:57:01.194,304303.99,6031008,NA,-2,0,0,0.74,40.1,173.22,214,NA,NA
22-05-2023,13:57:00.979,304303.97,6031008.1,NA,1,0,-2,0.75,40.08,173.19,214,NA,NA
22-05-2023,13:57:00.661,304303.94,6031008.24,NA,0,1,-10,0.75,40.08,173.16,214,NA,NA
22-05-2023,13:57:00.446,304303.93,6031008.34,NA,7,-2,0,0.75,40.05,173.15,214,NA,NA
22-05-2023,13:57:00.234,304303.92,6031008.43,NA,6,-1,-1,0.75,40.04,173.14,214,NA,NA
22-05-2023,13:56:59.915,304303.9,6031008.57,NA,8,-2,0,0.77,40.03,173.09,214,NA,NA
22-05-2023,13:56:59.700,304303.89,6031008.66,NA,-1,-4,-3,0.77,40.03,173.08,214,NA,NA
22-05-2023,13:56:59.486,304303.88,6031008.76,NA,1,-5,-1,0.78,40.02,173.07,214,NA,NA
22-05-2023,13:56:59.166,304303.87,6031008.9,NA,2,-2,1,0.79,40.01,173.1,214,NA,NA
22-05-2023,13:56:58.951,304303.87,6031008.99,NA,5,-7,1,0.8,40.01,173.13,214,NA,NA
22-05-2023,13:56:58.735,304303.87,6031009.09,NA,5,-7,1,0.8,40.02,173.17,214,NA,NA
22-05-2023,13:56:58.412,304303.86,6031009.23,NA,2,-3,2,0.81,40,173.24,214,NA,NA
22-05-2023,13:56:58.197,304303.86,6031009.32,NA,-1,-3,1,0.82,39.99,173.28,214,NA,NA
22-05-2023,13:56:57.985,304303.86,6031009.41,NA,0,0,1,0.83,40,173.31,214,NA,NA
22-05-2023,13:56:57.665,304303.87,6031009.55,NA,-1,-6,0,0.82,40.01,173.38,214,NA,NA
22-05-2023,13:56:57.450,304303.87,6031009.64,NA,1,4,-1,0.82,40.02,173.42,214,NA,NA
22-05-2023,13:56:57.237,304303.87,6031009.74,NA,1,-13,1,0.82,40.02,173.47,214,NA,NA
22-05-2023,13:56:56.915,304303.88,6031009.87,NA,3,3,1,0.84,40.02,173.58,214,NA,NA
22-05-2023,13:56:56.701,304303.88,6031009.96,NA,1,2,0,0.84,40.03,173.65,214,NA,NA
22-05-2023,13:56:56.489,304303.88,6031010.05,NA,0,1,1,0.84,40.03,173.72,214,NA,NA
22-05-2023,13:56:56.167,304303.89,6031010.19,NA,-4,0,2,0.83,40.06,173.81,214,NA,NA
22-05-2023,13:56:55.953,304303.89,6031010.28,NA,-15,-4,3,0.83,40.08,173.85,214,NA,NA
22-05-2023,13:56:55.738,304303.9,6031010.37,NA,-15,-4,3,0.83,40.09,173.87,214,NA,NA
22-05-2023,13:56:55.416,304303.89,6031010.5,NA,0,-18,1,0.83,40.09,173.9,214,NA,NA
22-05-2023,13:56:55.203,304303.89,6031010.59,NA,-1,5,0,0.83,40.09,173.92,214,NA,NA
22-05-2023,13:56:54.989,304303.89,6031010.68,NA,-2,5,0,0.82,40.11,173.93,214,NA,NA
22-05-2023,13:56:54.669,304303.88,6031010.82,NA,-3,0,-3,0.82,40.14,173.89,214,NA,NA
22-05-2023,13:56:54.456,304303.87,6031010.91,NA,1,0,0,0.84,40.15,173.83,214,NA,NA
22-05-2023,13:56:54.242,304303.86,6031011,NA,0,1,-2,0.82,40.16,173.76,214,NA,NA
22-05-2023,13:56:53.922,304303.85,6031011.14,NA,0,1,-1,0.82,40.18,173.63,214,NA,NA
22-05-2023,13:56:53.709,304303.84,6031011.23,NA,-1,0,3,0.82,40.19,173.59,214,NA,NA
22-05-2023,13:56:53.389,304303.83,6031011.37,NA,-2,-1,5,0.82,40.2,173.57,214,NA,NA
22-05-2023,13:56:53.175,304303.81,6031011.47,NA,-2,-1,5,0.82,40.21,173.56,214,NA,NA
22-05-2023,13:56:52.962,304303.8,6031011.57,NA,2,1,2,0.82,40.21,173.57,214,NA,NA
22-05-2023,13:56:52.643,304303.78,6031011.71,NA,0,7,3,0.83,40.21,173.57,214,NA,NA
22-05-2023,13:56:52.429,304303.77,6031011.82,NA,0,4,2,0.82,40.22,173.58,214,NA,NA
22-05-2023,13:56:52.213,304303.76,6031011.92,NA,3,2,2,0.81,40.23,173.58,214,NA,NA
22-05-2023,13:56:51.894,304303.73,6031012.07,NA,-1,1,4,0.8,40.25,173.6,214,NA,NA
22-05-2023,13:56:51.680,304303.72,6031012.18,NA,0,1,5,0.81,40.25,173.62,214,NA,NA
22-05-2023,13:56:51.466,304303.7,6031012.28,NA,2,1,13,0.79,40.26,173.62,214,NA,NA
22-05-2023,13:56:51.144,304303.67,6031012.44,NA,1,-2,7,0.79,40.25,173.6,214,NA,NA
22-05-2023,13:56:50.932,304303.65,6031012.55,NA,-1,1,1,0.79,40.25,173.57,214,NA,NA
22-05-2023,13:56:50.717,304303.63,6031012.65,NA,-1,1,1,0.79,40.25,173.54,214,NA,NA
22-05-2023,13:56:50.395,304303.6,6031012.81,NA,-2,2,2,0.79,40.26,173.54,214,NA,NA
22-05-2023,13:56:50.183,304303.58,6031012.92,NA,2,2,3,0.79,40.24,173.55,214,NA,NA
22-05-2023,13:56:49.968,304303.57,6031013.03,NA,0,4,-1,0.78,40.22,173.56,214,NA,NA
22-05-2023,13:56:49.647,304303.54,6031013.19,NA,2,2,-5,0.78,40.21,173.57,214,NA,NA
22-05-2023,13:56:49.434,304303.53,6031013.3,NA,0,0,0,0.79,40.2,173.58,214,NA,NA
22-05-2023,13:56:49.220,304303.51,6031013.4,NA,0,3,-1,0.8,40.19,173.61,214,NA,NA
22-05-2023,13:56:48.901,304303.49,6031013.55,NA,0,0,1,0.78,40.18,173.66,214,NA,NA
22-05-2023,13:56:48.690,304303.48,6031013.66,NA,1,0,-1,0.78,40.18,173.73,214,NA,NA
22-05-2023,13:56:48.476,304303.46,6031013.76,NA,1,0,-1,0.78,40.16,173.78,214,NA,NA
22-05-2023,13:56:48.154,304303.45,6031013.92,NA,1,-1,-4,0.78,40.15,173.83,214,NA,NA
22-05-2023,13:56:47.942,304303.44,6031014.02,NA,-1,2,-2,0.78,40.13,173.85,214,NA,NA
22-05-2023,13:56:47.730,304303.43,6031014.12,NA,3,3,1,0.8,40.11,173.88,214,NA,NA
22-05-2023,13:56:47.408,304303.42,6031014.27,NA,0,2,5,0.78,40.1,173.95,214,NA,NA
22-05-2023,13:56:47.193,304303.41,6031014.37,NA,-2,3,3,0.78,40.08,173.99,214,NA,NA
22-05-2023,13:56:46.979,304303.41,6031014.47,NA,0,3,-3,0.78,40.07,174.02,214,NA,NA
22-05-2023,13:56:46.660,304303.4,6031014.62,NA,3,2,5,0.78,40.07,174.05,214,NA,NA
22-05-2023,13:56:46.446,304303.39,6031014.72,NA,3,0,-4,0.78,40.06,174.07,214,NA,NA
22-05-2023,13:56:46.231,304303.38,6031014.81,NA,2,-1,-1,0.78,40.05,174.07,214,NA,NA
22-05-2023,13:56:45.912,304303.37,6031014.96,NA,0,0,2,0.79,40.05,173.97,214,NA,NA
22-05-2023,13:56:45.696,304303.35,6031015.05,NA,1,0,0,0.79,40.03,173.88,214,NA,NA
22-05-2023,13:56:45.483,304303.34,6031015.15,NA,-1,2,6,0.79,40.02,173.8,214,NA,NA
22-05-2023,13:56:45.164,304303.32,6031015.29,NA,-1,2,6,0.79,40.01,173.66,214,NA,NA
22-05-2023,13:56:44.950,304303.31,6031015.38,NA,0,1,1,0.79,40,173.57,214,NA,NA
22-05-2023,13:56:44.738,304303.31,6031015.47,NA,0,-7,0,0.8,40,173.53,214,NA,NA
22-05-2023,13:56:44.416,304303.3,6031015.61,NA,0,2,1,0.8,40.01,173.52,214,NA,NA
22-05-2023,13:56:44.202,304303.29,6031015.71,NA,0,-1,0,0.79,40.01,173.53,214,NA,NA
22-05-2023,13:56:43.990,304303.29,6031015.8,NA,1,-5,-2,0.79,40.02,173.52,214,NA,NA
22-05-2023,13:56:43.669,304303.28,6031015.93,NA,-1,-3,2,0.79,40.03,173.53,214,NA,NA
22-05-2023,13:56:43.456,304303.28,6031016.02,NA,-1,-3,2,0.79,40.01,173.54,214,NA,NA
22-05-2023,13:56:43.242,304303.28,6031016.12,NA,-1,0,4,0.78,40.03,173.56,214,NA,NA
22-05-2023,13:56:42.921,304303.28,6031016.25,NA,-1,0,0,0.78,40.05,173.65,214,NA,NA
22-05-2023,13:56:42.707,304303.28,6031016.34,NA,0,0,1,0.79,40.06,173.7,214,NA,NA
22-05-2023,13:56:42.493,304303.28,6031016.43,NA,0,-2,3,0.79,40.07,173.75,214,NA,NA
22-05-2023,13:56:42.172,304303.28,6031016.57,NA,0,1,6,0.79,40.09,173.84,214,NA,NA
22-05-2023,13:56:41.959,304303.28,6031016.66,NA,0,0,9,0.79,40.09,173.91,214,NA,NA
22-05-2023,13:56:41.638,304303.29,6031016.8,NA,1,0,-2,0.79,40.09,173.97,214,NA,NA
22-05-2023,13:56:41.425,304303.29,6031016.9,NA,2,0,-3,0.79,40.1,174.03,214,NA,NA
22-05-2023,13:56:41.210,304303.28,6031016.99,NA,1,1,0,0.8,40.12,174.06,214,NA,NA
22-05-2023,13:56:40.890,304303.28,6031017.14,NA,0,4,5,0.8,40.12,174.09,214,NA,NA
22-05-2023,13:56:40.676,304303.27,6031017.24,NA,-3,-1,6,0.8,40.14,174.11,214,NA,NA
22-05-2023,13:56:40.464,304303.27,6031017.33,NA,1,1,4,0.8,40.15,174.13,214,NA,NA
22-05-2023,13:56:40.145,304303.26,6031017.48,NA,1,1,4,0.79,40.17,174.2,214,NA,NA
22-05-2023,13:56:39.930,304303.26,6031017.58,NA,1,0,3,0.79,40.17,174.25,214,NA,NA
22-05-2023,13:56:39.717,304303.25,6031017.67,NA,0,3,-1,0.79,40.17,174.33,214,NA,NA
22-05-2023,13:56:39.396,304303.25,6031017.82,NA,1,1,2,0.79,40.19,174.38,214,NA,NA
22-05-2023,13:56:39.181,304303.24,6031017.92,NA,0,1,1,0.79,40.2,174.39,214,NA,NA
22-05-2023,13:56:38.967,304303.23,6031018.03,NA,0,1,2,0.78,40.21,174.39,214,NA,NA
22-05-2023,13:56:38.647,304303.22,6031018.18,NA,1,2,1,0.78,40.2,174.36,214,NA,NA
22-05-2023,13:56:38.434,304303.2,6031018.28,NA,0,3,0,0.79,40.21,174.35,214,NA,NA
22-05-2023,13:56:38.220,304303.19,6031018.37,NA,1,0,1,0.78,40.21,174.33,214,NA,NA
22-05-2023,13:56:37.902,304303.17,6031018.52,NA,1,9,3,0.78,40.2,174.33,214,NA,NA
22-05-2023,13:56:37.689,304303.15,6031018.61,NA,1,9,3,0.78,40.21,174.32,214,NA,NA
22-05-2023,13:56:37.474,304303.13,6031018.71,NA,-1,2,-1,0.79,40.21,174.29,214,NA,NA
22-05-2023,13:56:37.154,304303.11,6031018.87,NA,4,-1,0,0.78,40.2,174.25,214,NA,NA
22-05-2023,13:56:36.940,304303.09,6031018.97,NA,1,0,-5,0.78,40.2,174.25,214,NA,NA
22-05-2023,13:56:36.727,304303.07,6031019.07,NA,0,0,-2,0.79,40.2,174.25,214,NA,NA
22-05-2023,13:56:36.407,304303.04,6031019.22,NA,1,0,-1,0.79,40.17,174.23,214,NA,NA
22-05-2023,13:56:36.193,304303.03,6031019.32,NA,0,1,0,0.79,40.16,174.22,214,NA,NA
22-05-2023,13:56:35.872,304303.01,6031019.48,NA,0,2,-1,0.8,40.17,174.22,214,NA,NA
22-05-2023,13:56:35.658,304302.99,6031019.58,NA,0,2,-8,0.79,40.16,174.22,214,NA,NA
22-05-2023,13:56:35.445,304302.98,6031019.68,NA,3,-1,2,0.79,40.14,174.23,214,NA,NA
22-05-2023,13:56:35.126,304302.95,6031019.83,NA,3,-1,2,0.78,40.15,174.21,214,NA,NA
22-05-2023,13:56:34.912,304302.94,6031019.93,NA,2,-3,3,0.78,40.15,174.2,214,NA,NA
22-05-2023,13:56:34.699,304302.92,6031020.03,NA,-2,-1,1,0.77,40.14,174.21,214,NA,NA
22-05-2023,13:56:34.378,304302.9,6031020.18,NA,0,-1,0,0.76,40.14,174.2,214,NA,NA
22-05-2023,13:56:34.164,304302.88,6031020.28,NA,-1,-1,-2,0.75,40.14,174.16,214,NA,NA
22-05-2023,13:56:33.950,304302.86,6031020.38,NA,-2,0,-8,0.75,40.13,174.11,214,NA,NA
22-05-2023,13:56:33.630,304302.84,6031020.52,NA,1,0,6,0.75,40.11,174.05,214,NA,NA
22-05-2023,13:56:33.416,304302.82,6031020.62,NA,-1,0,-8,0.75,40.11,174,214,NA,NA
22-05-2023,13:56:33.202,304302.81,6031020.71,NA,0,0,2,0.76,40.12,173.96,214,NA,NA
22-05-2023,13:56:32.882,304302.79,6031020.86,NA,7,0,-4,0.76,40.12,173.87,214,NA,NA
22-05-2023,13:56:32.671,304302.78,6031020.95,NA,7,0,-4,0.76,40.1,173.81,214,NA,NA
22-05-2023,13:56:32.458,304302.76,6031021.05,NA,3,1,-2,0.76,40.09,173.75,214,NA,NA
22-05-2023,13:56:32.136,304302.74,6031021.19,NA,-3,4,1,0.76,40.09,173.67,214,NA,NA
22-05-2023,13:56:31.922,304302.73,6031021.29,NA,4,-10,2,0.76,40.1,173.67,214,NA,NA
22-05-2023,13:56:31.707,304302.72,6031021.38,NA,0,1,-1,0.76,40.09,173.67,214,NA,NA
22-05-2023,13:56:31.385,304302.7,6031021.53,NA,0,4,-2,0.76,40.07,173.66,214,NA,NA
22-05-2023,13:56:31.171,304302.69,6031021.62,NA,0,-1,-1,0.76,40.07,173.68,214,NA,NA
22-05-2023,13:56:30.850,304302.68,6031021.76,NA,-5,1,-4,0.78,40.08,173.71,214,NA,NA
22-05-2023,13:56:30.636,304302.67,6031021.86,NA,0,0,2,0.77,40.08,173.7,214,NA,NA
22-05-2023,13:56:30.424,304302.66,6031021.95,NA,2,2,-1,0.78,40.06,173.68,214,NA,NA
22-05-2023,13:56:30.102,304302.65,6031022.1,NA,4,1,0,0.78,40.06,173.67,214,NA,NA
22-05-2023,13:56:29.888,304302.64,6031022.19,NA,-5,1,2,0.79,40.06,173.67,214,NA,NA
22-05-2023,13:56:29.673,304302.63,6031022.29,NA,-2,2,-2,0.78,40.06,173.68,214,NA,NA
22-05-2023,13:56:29.353,304302.63,6031022.43,NA,-7,1,-3,0.79,40.05,173.73,214,NA,NA
22-05-2023,13:56:29.138,304302.62,6031022.53,NA,7,1,2,0.78,40.07,173.77,214,NA,NA
22-05-2023,13:56:28.924,304302.62,6031022.62,NA,7,1,2,0.77,40.08,173.83,214,NA,NA
22-05-2023,13:56:28.602,304302.62,6031022.76,NA,4,5,0,0.77,40.09,173.9,214,NA,NA
22-05-2023,13:56:28.388,304302.61,6031022.86,NA,3,-5,2,0.77,40.1,173.96,214,NA,NA
22-05-2023,13:56:28.175,304302.61,6031022.95,NA,4,0,-1,0.76,40.08,174,214,NA,NA
22-05-2023,13:56:27.853,304302.61,6031023.09,NA,2,-1,1,0.76,40.09,174.07,214,NA,NA
22-05-2023,13:56:27.639,304302.6,6031023.18,NA,4,-3,2,0.76,40.1,174.13,214,NA,NA
22-05-2023,13:56:27.427,304302.6,6031023.27,NA,2,-8,2,0.77,40.11,174.2,214,NA,NA
22-05-2023,13:56:27.107,304302.6,6031023.41,NA,2,-8,2,0.78,40.1,174.25,214,NA,NA
22-05-2023,13:56:26.893,304302.6,6031023.51,NA,5,-4,2,0.77,40.09,174.27,214,NA,NA
22-05-2023,13:56:26.679,304302.6,6031023.6,NA,9,-7,1,0.78,40.1,174.31,214,NA,NA
22-05-2023,13:56:26.357,304302.6,6031023.74,NA,5,-4,0,0.78,40.13,174.4,214,NA,NA
22-05-2023,13:56:26.145,304302.6,6031023.84,NA,5,-3,1,0.78,40.13,174.47,214,NA,NA
22-05-2023,13:56:25.825,304302.6,6031023.98,NA,1,-6,1,0.78,40.12,174.6,214,NA,NA
22-05-2023,13:56:25.609,304302.6,6031024.07,NA,4,-6,0,0.78,40.11,174.67,214,NA,NA
22-05-2023,13:56:25.395,304302.59,6031024.17,NA,11,8,-1,0.78,40.12,174.73,214,NA,NA
22-05-2023,13:56:25.074,304302.59,6031024.31,NA,15,8,-1,0.77,40.14,174.79,214,NA,NA
22-05-2023,13:56:24.860,304302.58,6031024.41,NA,3,4,-2,0.77,40.16,174.83,214,NA,NA
22-05-2023,13:56:24.646,304302.58,6031024.5,NA,13,4,-1,0.77,40.17,174.88,214,NA,NA
22-05-2023,13:56:24.325,304302.57,6031024.64,NA,-4,0,0,0.77,40.19,174.96,214,NA,NA
22-05-2023,13:56:24.111,304302.56,6031024.74,NA,4,2,-4,0.76,40.18,174.95,214,NA,NA
22-05-2023,13:56:23.897,304302.55,6031024.83,NA,4,2,-4,0.76,40.2,174.92,214,NA,NA
22-05-2023,13:56:23.576,304302.54,6031024.98,NA,-3,2,3,0.75,40.2,174.86,214,NA,NA
22-05-2023,13:56:23.363,304302.52,6031025.07,NA,-2,2,2,0.75,40.21,174.83,214,NA,NA
22-05-2023,13:56:23.150,304302.51,6031025.17,NA,7,4,4,0.75,40.21,174.8,214,NA,NA
22-05-2023,13:56:22.830,304302.49,6031025.32,NA,3,3,4,0.75,40.21,174.71,214,NA,NA
22-05-2023,13:56:22.617,304302.47,6031025.41,NA,-6,3,6,0.74,40.21,174.56,214,NA,NA
22-05-2023,13:56:22.402,304302.46,6031025.51,NA,-3,-1,0,0.74,40.23,174.46,214,NA,NA
22-05-2023,13:56:22.080,304302.43,6031025.66,NA,-5,-1,-3,0.73,40.24,174.32,214,NA,NA
22-05-2023,13:56:21.868,304302.4,6031025.76,NA,-5,1,0,0.74,40.22,174.22,214,NA,NA
22-05-2023,13:56:21.653,304302.38,6031025.86,NA,-2,2,1,0.74,40.23,174.12,214,NA,NA
22-05-2023,13:56:21.331,304302.35,6031026.01,NA,-11,2,4,0.74,40.21,173.98,214,NA,NA
22-05-2023,13:56:21.118,304302.33,6031026.11,NA,1,0,3,0.74,40.22,173.85,214,NA,NA
22-05-2023,13:56:20.904,304302.31,6031026.21,NA,1,0,3,0.74,40.21,173.76,214,NA,NA
22-05-2023,13:56:20.582,304302.28,6031026.36,NA,5,-1,4,0.74,40.19,173.66,214,NA,NA
22-05-2023,13:56:20.368,304302.26,6031026.46,NA,-2,2,7,0.75,40.18,173.63,214,NA,NA
22-05-2023,13:56:20.154,304302.24,6031026.56,NA,-3,1,1,0.75,40.18,173.6,214,NA,NA
22-05-2023,13:56:19.833,304302.21,6031026.71,NA,-2,2,3,0.76,40.17,173.55,214,NA,NA
22-05-2023,13:56:19.619,304302.19,6031026.81,NA,-6,2,-2,0.76,40.17,173.49,214,NA,NA
22-05-2023,13:56:19.299,304302.16,6031026.97,NA,-3,0,-1,0.77,40.12,173.45,214,NA,NA
22-05-2023,13:56:19.085,304302.15,6031027.07,NA,-6,2,4,0.77,40.12,173.46,214,NA,NA
22-05-2023,13:56:18.870,304302.13,6031027.17,NA,-6,4,-5,0.77,40.11,173.48,214,NA,NA
22-05-2023,13:56:18.656,304302.12,6031027.27,NA,-7,2,-2,0.77,40.11,173.49,214,NA,NA
22-05-2023,13:56:18.335,304302.09,6031027.42,NA,-7,2,-2,0.78,40.11,173.5,214,NA,NA
22-05-2023,13:56:18.120,304302.08,6031027.52,NA,-6,5,3,0.77,40.09,173.47,214,NA,NA
22-05-2023,13:56:17.907,304302.06,6031027.62,NA,1,2,-1,0.77,40.09,173.44,214,NA,NA
22-05-2023,13:56:17.586,304302.03,6031027.77,NA,-1,0,2,0.77,40.09,173.39,214,NA,NA
22-05-2023,13:56:17.371,304302.02,6031027.87,NA,2,0,2,0.77,40.08,173.34,214,NA,NA
22-05-2023,13:56:17.157,304302,6031027.97,NA,0,1,2,0.77,40.08,173.27,214,NA,NA
22-05-2023,13:56:16.838,304301.98,6031028.11,NA,0,0,4,0.76,40.08,173.17,214,NA,NA
22-05-2023,13:56:16.623,304301.96,6031028.21,NA,-3,-1,4,0.76,40.08,173.06,214,NA,NA
22-05-2023,13:56:16.410,304301.95,6031028.3,NA,-6,1,5,0.75,40.08,173.01,214,NA,NA
22-05-2023,13:56:16.089,304301.93,6031028.45,NA,-4,0,4,0.75,40.08,172.96,214,NA,NA
22-05-2023,13:56:15.876,304301.92,6031028.54,NA,-4,-1,1,0.74,40.09,172.94,214,NA,NA
22-05-2023,13:56:15.663,304301.91,6031028.63,NA,-3,2,4,0.74,40.09,172.94,214,NA,NA
22-05-2023,13:56:15.342,304301.91,6031028.77,NA,-3,2,4,0.74,40.1,172.98,214,NA,NA
22-05-2023,13:56:15.129,304301.9,6031028.87,NA,-1,1,3,0.74,40.1,173.02,214,NA,NA
22-05-2023,13:56:14.810,304301.9,6031029.01,NA,5,1,2,0.74,40.11,173.07,214,NA,NA
22-05-2023,13:56:14.598,304301.9,6031029.1,NA,-3,7,0,0.74,40.08,173.11,214,NA,NA
22-05-2023,13:56:14.385,304301.9,6031029.2,NA,9,-5,3,0.75,40.09,173.16,214,NA,NA
22-05-2023,13:56:14.064,304301.9,6031029.34,NA,-2,6,2,0.75,40.09,173.27,214,NA,NA
22-05-2023,13:56:13.850,304301.9,6031029.43,NA,3,-4,3,0.76,40.11,173.37,214,NA,NA
22-05-2023,13:56:13.634,304301.91,6031029.53,NA,4,-4,2,0.76,40.11,173.48,214,NA,NA
22-05-2023,13:56:13.313,304301.92,6031029.67,NA,-1,-3,3,0.76,40.11,173.74,214,NA,NA
22-05-2023,13:56:13.099,304301.92,6031029.77,NA,0,0,3,0.76,40.11,173.87,214,NA,NA
22-05-2023,13:56:12.886,304301.93,6031029.86,NA,0,0,3,0.76,40.11,173.99,214,NA,NA
22-05-2023,13:56:12.566,304301.93,6031030,NA,-2,7,2,0.77,40.11,174.14,214,NA,NA
22-05-2023,13:56:12.355,304301.94,6031030.1,NA,1,-3,2,0.78,40.11,174.22,214,NA,NA
22-05-2023,13:56:12.143,304301.94,6031030.19,NA,-1,0,2,0.78,40.11,174.31,214,NA,NA
22-05-2023,13:56:11.823,304301.95,6031030.34,NA,0,-1,3,0.78,40.13,174.48,214,NA,NA
22-05-2023,13:56:11.609,304301.95,6031030.44,NA,-2,-3,3,0.78,40.13,174.55,214,NA,NA
22-05-2023,13:56:11.395,304301.95,6031030.54,NA,1,-3,3,0.78,40.13,174.6,214,NA,NA
22-05-2023,13:56:11.074,304301.95,6031030.69,NA,-1,-1,2,0.79,40.14,174.66,214,NA,NA
22-05-2023,13:56:10.861,304301.94,6031030.78,NA,1,-4,3,0.78,40.16,174.68,214,NA,NA
22-05-2023,13:56:10.648,304301.94,6031030.88,NA,-3,-4,2,0.78,40.17,174.71,214,NA,NA
22-05-2023,13:56:10.329,304301.93,6031031.02,NA,-3,-4,2,0.77,40.17,174.74,214,NA,NA
22-05-2023,13:56:10.117,304301.92,6031031.12,NA,0,-2,4,0.76,40.19,174.72,214,NA,NA
22-05-2023,13:56:09.904,304301.91,6031031.21,NA,-1,0,2,0.77,40.18,174.67,214,NA,NA
22-05-2023,13:56:09.585,304301.9,6031031.36,NA,-2,-2,2,0.74,40.19,174.6,214,NA,NA
22-05-2023,13:56:09.371,304301.88,6031031.45,NA,-1,-2,2,0.76,40.2,174.57,214,NA,NA
22-05-2023,13:56:09.158,304301.87,6031031.55,NA,0,-5,1,0.74,40.21,174.53,214,NA,NA
22-05-2023,13:56:08.836,304301.85,6031031.7,NA,1,-3,4,0.74,40.21,174.5,214,NA,NA
22-05-2023,13:56:08.623,304301.84,6031031.8,NA,0,0,1,0.74,40.21,174.48,214,NA,NA
22-05-2023,13:56:08.409,304301.83,6031031.9,NA,-1,-1,0,0.73,40.22,174.46,214,NA,NA
22-05-2023,13:56:08.088,304301.8,6031032.05,NA,-1,-14,0,0.73,40.22,174.39,214,NA,NA
22-05-2023,13:56:07.873,304301.78,6031032.15,NA,-1,-14,0,0.73,40.22,174.34,214,NA,NA
22-05-2023,13:56:07.660,304301.76,6031032.25,NA,0,2,3,0.73,40.21,174.3,214,NA,NA
22-05-2023,13:56:07.340,304301.74,6031032.4,NA,2,-2,5,0.73,40.22,174.27,214,NA,NA
22-05-2023,13:56:07.127,304301.72,6031032.5,NA,1,-1,3,0.74,40.22,174.3,214,NA,NA
22-05-2023,13:56:06.914,304301.7,6031032.61,NA,1,4,4,0.74,40.21,174.3,214,NA,NA
22-05-2023,13:56:06.593,304301.68,6031032.76,NA,1,3,2,0.73,40.2,174.31,214,NA,NA
22-05-2023,13:56:06.379,304301.66,6031032.87,NA,-3,1,2,0.74,40.17,174.33,214,NA,NA
22-05-2023,13:56:06.059,304301.64,6031033.02,NA,-2,8,2,0.74,40.2,174.36,214,NA,NA
22-05-2023,13:56:05.845,304301.62,6031033.13,NA,-2,4,0,0.73,40.17,174.35,214,NA,NA
22-05-2023,13:56:05.633,304301.6,6031033.23,NA,0,6,1,0.72,40.18,174.33,214,NA,NA
22-05-2023,13:56:05.312,304301.58,6031033.38,NA,0,6,1,0.72,40.16,174.28,214,NA,NA
22-05-2023,13:56:05.099,304301.56,6031033.48,NA,-3,9,3,0.72,40.17,174.24,214,NA,NA
22-05-2023,13:56:04.886,304301.54,6031033.58,NA,-2,-7,2,0.72,40.16,174.19,214,NA,NA
22-05-2023,13:56:04.566,304301.51,6031033.73,NA,-1,-2,4,0.73,40.15,174.12,214,NA,NA
22-05-2023,13:56:04.351,304301.49,6031033.83,NA,-1,-6,3,0.73,40.14,174.05,214,NA,NA
22-05-2023,13:56:04.137,304301.46,6031033.93,NA,-3,-1,1,0.73,40.13,173.97,214,NA,NA
22-05-2023,13:56:03.819,304301.43,6031034.07,NA,2,0,0,0.74,40.12,173.82,214,NA,NA
22-05-2023,13:56:03.605,304301.41,6031034.17,NA,-1,2,0,0.74,40.12,173.76,214,NA,NA
22-05-2023,13:56:03.392,304301.39,6031034.27,NA,1,1,0,0.74,40.1,173.72,214,NA,NA
22-05-2023,13:56:03.072,304301.37,6031034.41,NA,1,-2,3,0.74,40.08,173.65,214,NA,NA
22-05-2023,13:56:02.859,304301.36,6031034.5,NA,1,-2,3,0.74,40.07,173.62,214,NA,NA
22-05-2023,13:56:02.646,304301.34,6031034.6,NA,-2,-9,0,0.74,40.06,173.59,214,NA,NA
22-05-2023,13:56:02.326,304301.32,6031034.73,NA,-2,-19,2,0.75,40.05,173.54,214,NA,NA
22-05-2023,13:56:02.112,304301.31,6031034.83,NA,-1,1,1,0.76,40.05,173.55,214,NA,NA
22-05-2023,13:56:01.898,304301.3,6031034.92,NA,-2,3,3,0.76,40.05,173.57,214,NA,NA
22-05-2023,13:56:01.576,304301.29,6031035.06,NA,-1,7,3,0.77,40.06,173.59,214,NA,NA
22-05-2023,13:56:01.362,304301.28,6031035.15,NA,0,1,1,0.76,40.05,173.6,214,NA,NA
22-05-2023,13:56:01.147,304301.28,6031035.25,NA,-1,-4,0,0.76,40.06,173.62,214,NA,NA
22-05-2023,13:56:00.827,304301.28,6031035.38,NA,-2,-9,1,0.75,40.09,173.67,214,NA,NA
22-05-2023,13:56:00.612,304301.28,6031035.47,NA,-2,0,3,0.75,40.1,173.7,214,NA,NA
22-05-2023,13:56:00.400,304301.28,6031035.57,NA,-2,0,3,0.75,40.1,173.74,214,NA,NA
22-05-2023,13:56:00.082,304301.28,6031035.7,NA,-2,1,1,0.75,40.1,173.82,214,NA,NA
22-05-2023,13:55:59.869,304301.28,6031035.79,NA,1,5,-7,0.75,40.1,173.87,214,NA,NA
22-05-2023,13:55:59.656,304301.28,6031035.88,NA,0,1,1,0.74,40.12,173.92,214,NA,NA
22-05-2023,13:55:59.336,304301.28,6031036.02,NA,14,2,0,0.75,40.12,173.99,214,NA,NA
22-05-2023,13:55:59.123,304301.28,6031036.12,NA,12,6,1,0.75,40.13,174.07,214,NA,NA
22-05-2023,13:55:58.912,304301.28,6031036.21,NA,1,-2,1,0.75,40.13,174.1,214,NA,NA
22-05-2023,13:55:58.591,304301.28,6031036.35,NA,-3,-1,9,0.75,40.14,174.16,214,NA,NA
22-05-2023,13:55:58.378,304301.28,6031036.44,NA,-3,-1,9,0.74,40.17,174.19,214,NA,NA
22-05-2023,13:55:58.059,304301.27,6031036.58,NA,-1,3,-7,0.74,40.18,174.22,214,NA,NA
22-05-2023,13:55:57.847,304301.27,6031036.67,NA,1,-1,1,0.73,40.18,174.23,214,NA,NA
22-05-2023,13:55:57.634,304301.27,6031036.77,NA,0,0,8,0.73,40.2,174.23,214,NA,NA
22-05-2023,13:55:57.315,304301.26,6031036.91,NA,3,0,0,0.73,40.22,174.21,214,NA,NA
22-05-2023,13:55:57.101,304301.25,6031037.01,NA,3,1,3,0.73,40.23,174.22,214,NA,NA
22-05-2023,13:55:56.890,304301.25,6031037.11,NA,2,0,3,0.72,40.23,174.25,214,NA,NA
22-05-2023,13:55:56.568,304301.24,6031037.27,NA,0,-3,4,0.72,40.25,174.3,214,NA,NA
22-05-2023,13:55:56.355,304301.24,6031037.37,NA,-1,0,1,0.72,40.23,174.33,214,NA,NA
22-05-2023,13:55:56.142,304301.23,6031037.48,NA,0,-1,-4,0.72,40.23,174.36,214,NA,NA
22-05-2023,13:55:55.821,304301.22,6031037.64,NA,0,-1,-4,0.71,40.25,174.44,214,NA,NA
22-05-2023,13:55:55.608,304301.21,6031037.74,NA,1,0,1,0.71,40.25,174.49,214,NA,NA
22-05-2023,13:55:55.393,304301.2,6031037.85,NA,0,-1,10,0.72,40.25,174.55,214,NA,NA
22-05-2023,13:55:55.075,304301.19,6031038.01,NA,4,2,8,0.7,40.29,174.62,214,NA,NA
22-05-2023,13:55:54.862,304301.18,6031038.11,NA,2,0,0,0.7,40.28,174.64,214,NA,NA
22-05-2023,13:55:54.648,304301.17,6031038.22,NA,1,-1,8,0.69,40.27,174.66,214,NA,NA
22-05-2023,13:55:54.328,304301.15,6031038.37,NA,1,-1,-1,0.68,40.29,174.71,214,NA,NA
22-05-2023,13:55:54.115,304301.14,6031038.48,NA,0,1,1,0.67,40.28,174.74,214,NA,NA
22-05-2023,13:55:53.901,304301.12,6031038.58,NA,-2,1,-1,0.66,40.28,174.76,214,NA,NA
22-05-2023,13:55:53.580,304301.1,6031038.73,NA,-2,0,9,0.65,40.27,174.75,214,NA,NA
22-05-2023,13:55:53.365,304301.09,6031038.83,NA,-2,0,9,0.65,40.28,174.74,214,NA,NA
22-05-2023,13:55:53.045,304301.06,6031038.99,NA,1,-1,-1,0.66,40.27,174.73,214,NA,NA
22-05-2023,13:55:52.832,304301.04,6031039.09,NA,-2,0,0,0.66,40.29,174.7,214,NA,NA
22-05-2023,13:55:52.619,304301.03,6031039.19,NA,1,-1,4,0.65,40.28,174.63,214,NA,NA
22-05-2023,13:55:52.405,304301,6031039.29,NA,2,2,-3,0.65,40.24,174.57,214,NA,NA
22-05-2023,13:55:52.085,304300.97,6031039.44,NA,5,0,10,0.66,40.25,174.45,214,NA,NA
22-05-2023,13:55:51.869,304300.94,6031039.53,NA,-6,0,1,0.65,40.24,174.35,214,NA,NA
22-05-2023,13:55:51.547,304300.9,6031039.68,NA,0,1,4,0.66,40.21,174.19,214,NA,NA
22-05-2023,13:55:51.334,304300.88,6031039.78,NA,-7,-1,5,0.66,40.22,174.1,214,NA,NA
22-05-2023,13:55:51.120,304300.86,6031039.88,NA,-7,-1,6,0.66,40.2,173.99,214,NA,NA
22-05-2023,13:55:50.799,304300.83,6031040.02,NA,-8,-1,3,0.68,40.19,173.94,214,NA,NA
22-05-2023,13:55:50.586,304300.81,6031040.12,NA,-5,0,1,0.68,40.19,173.91,214,NA,NA
22-05-2023,13:55:50.372,304300.79,6031040.22,NA,-5,0,1,0.67,40.18,173.87,214,NA,NA
22-05-2023,13:55:50.051,304300.76,6031040.36,NA,-6,1,3,0.67,40.16,173.81,214,NA,NA
22-05-2023,13:55:49.838,304300.74,6031040.46,NA,-7,0,3,0.67,40.18,173.79,214,NA,NA
22-05-2023,13:55:49.624,304300.73,6031040.55,NA,-9,1,-4,0.67,40.17,173.74,214,NA,NA
22-05-2023,13:55:49.305,304300.7,6031040.69,NA,-8,1,11,0.67,40.18,173.68,214,NA,NA
22-05-2023,13:55:49.092,304300.69,6031040.79,NA,-5,1,14,0.67,40.18,173.64,214,NA,NA
22-05-2023,13:55:48.877,304300.67,6031040.88,NA,-3,-1,6,0.67,40.17,173.6,214,NA,NA
22-05-2023,13:55:48.559,304300.66,6031041.02,NA,-2,-2,4,0.67,40.16,173.54,214,NA,NA
22-05-2023,13:55:48.345,304300.65,6031041.11,NA,4,-3,19,0.68,40.16,173.52,214,NA,NA
22-05-2023,13:55:48.131,304300.64,6031041.2,NA,-3,-1,1,0.68,40.17,173.5,214,NA,NA
22-05-2023,13:55:47.811,304300.62,6031041.34,NA,-3,-1,1,0.69,40.17,173.48,214,NA,NA
22-05-2023,13:55:47.600,304300.62,6031041.43,NA,-5,1,2,0.7,40.18,173.49,214,NA,NA
22-05-2023,13:55:47.387,304300.61,6031041.52,NA,-2,2,1,0.7,40.17,173.49,214,NA,NA
22-05-2023,13:55:47.069,304300.6,6031041.67,NA,-3,0,3,0.7,40.16,173.51,214,NA,NA
22-05-2023,13:55:46.856,304300.59,6031041.76,NA,-4,0,3,0.71,40.14,173.54,214,NA,NA
22-05-2023,13:55:46.642,304300.59,6031041.86,NA,-2,0,6,0.71,40.17,173.58,214,NA,NA
22-05-2023,13:55:46.321,304300.59,6031042,NA,-4,1,2,0.71,40.18,173.7,214,NA,NA
22-05-2023,13:55:46.108,304300.59,6031042.1,NA,-8,0,5,0.71,40.18,173.78,214,NA,NA
22-05-2023,13:55:45.893,304300.59,6031042.2,NA,-8,1,18,0.71,40.18,173.87,214,NA,NA
22-05-2023,13:55:45.570,304300.6,6031042.35,NA,-7,-1,6,0.7,40.2,174,214,NA,NA
22-05-2023,13:55:45.357,304300.6,6031042.45,NA,-7,1,4,0.7,40.23,174.09,214,NA,NA
22-05-2023,13:55:45.144,304300.61,6031042.54,NA,2,1,0,0.7,40.24,174.18,214,NA,NA
22-05-2023,13:55:44.823,304300.62,6031042.69,NA,8,2,1,0.7,40.26,174.39,214,NA,NA
22-05-2023,13:55:44.608,304300.63,6031042.78,NA,8,2,1,0.7,40.25,174.49,214,NA,NA
22-05-2023,13:55:44.392,304300.63,6031042.88,NA,-2,0,0,0.7,40.25,174.6,214,NA,NA
22-05-2023,13:55:44.071,304300.64,6031043.02,NA,-3,-4,0,0.7,40.27,174.77,214,NA,NA
22-05-2023,13:55:43.857,304300.65,6031043.12,NA,-2,0,0,0.7,40.28,174.87,214,NA,NA
22-05-2023,13:55:43.643,304300.65,6031043.21,NA,-1,-5,1,0.7,40.28,174.96,214,NA,NA
22-05-2023,13:55:43.325,304300.65,6031043.36,NA,-2,-4,4,0.7,40.28,175.1,214,NA,NA
22-05-2023,13:55:43.111,304300.66,6031043.46,NA,-1,1,2,0.7,40.28,175.16,214,NA,NA
22-05-2023,13:55:42.894,304300.66,6031043.55,NA,0,1,4,0.7,40.29,175.22,214,NA,NA
22-05-2023,13:55:42.574,304300.65,6031043.7,NA,-1,-7,2,0.7,40.29,175.3,214,NA,NA
22-05-2023,13:55:42.360,304300.65,6031043.79,NA,-1,0,2,0.69,40.31,175.34,214,NA,NA
22-05-2023,13:55:42.146,304300.64,6031043.89,NA,0,6,2,0.69,40.31,175.37,214,NA,NA
22-05-2023,13:55:41.826,304300.63,6031044.03,NA,12,-3,3,0.7,40.31,175.38,214,NA,NA
22-05-2023,13:55:41.611,304300.62,6031044.13,NA,12,-3,3,0.69,40.3,175.35,214,NA,NA
22-05-2023,13:55:41.397,304300.6,6031044.23,NA,-4,3,4,0.69,40.31,175.32,214,NA,NA
22-05-2023,13:55:41.078,304300.58,6031044.37,NA,-1,7,0,0.7,40.31,175.24,214,NA,NA
22-05-2023,13:55:40.863,304300.57,6031044.47,NA,-1,5,2,0.7,40.32,175.18,214,NA,NA
22-05-2023,13:55:40.542,304300.54,6031044.61,NA,-2,10,0,0.69,40.32,175.08,214,NA,NA
22-05-2023,13:55:40.329,304300.52,6031044.71,NA,0,8,1,0.69,40.31,175,214,NA,NA
22-05-2023,13:55:40.116,304300.5,6031044.81,NA,0,1,1,0.69,40.32,174.87,214,NA,NA
22-05-2023,13:55:39.797,304300.47,6031044.96,NA,0,1,1,0.68,40.31,174.77,214,NA,NA
22-05-2023,13:55:39.582,304300.45,6031045.07,NA,-1,-1,0,0.68,40.33,174.73,214,NA,NA
22-05-2023,13:55:39.370,304300.43,6031045.17,NA,0,5,1,0.68,40.33,174.69,214,NA,NA
22-05-2023,13:55:39.050,304300.4,6031045.32,NA,1,-1,2,0.68,40.33,174.63,214,NA,NA
22-05-2023,13:55:38.836,304300.38,6031045.43,NA,0,-4,3,0.67,40.33,174.59,214,NA,NA
22-05-2023,13:55:38.622,304300.36,6031045.53,NA,-1,-7,5,0.66,40.32,174.53,214,NA,NA
22-05-2023,13:55:38.301,304300.33,6031045.69,NA,0,-1,1,0.66,40.31,174.45,214,NA,NA
22-05-2023,13:55:38.088,304300.3,6031045.79,NA,-2,-1,4,0.65,40.31,174.38,214,NA,NA
22-05-2023,13:55:37.875,304300.28,6031045.9,NA,1,0,4,0.65,40.3,174.3,214,NA,NA
22-05-2023,13:55:37.555,304300.24,6031046.05,NA,-2,0,-8,0.65,40.28,174.15,214,NA,NA
22-05-2023,13:55:37.342,304300.21,6031046.16,NA,0,-1,0,0.65,40.29,174.03,214,NA,NA
22-05-2023,13:55:37.129,304300.18,6031046.26,NA,-2,2,-5,0.65,40.27,173.86,214,NA,NA
22-05-2023,13:55:36.809,304300.15,6031046.41,NA,0,1,-1,0.65,40.25,173.72,214,NA,NA
22-05-2023,13:55:36.596,304300.12,6031046.52,NA,0,1,-1,0.66,40.23,173.64,214,NA,NA
22-05-2023,13:55:36.381,304300.1,6031046.62,NA,1,2,3,0.65,40.23,173.55,214,NA,NA
22-05-2023,13:55:36.061,304300.06,6031046.77,NA,0,3,5,0.65,40.21,173.44,214,NA,NA
22-05-2023,13:55:35.848,304300.04,6031046.87,NA,2,-1,7,0.65,40.21,173.39,214,NA,NA
22-05-2023,13:55:35.633,304300.03,6031046.98,NA,2,0,-5,0.65,40.22,173.36,214,NA,NA
22-05-2023,13:55:35.314,304300.01,6031047.13,NA,-2,1,-2,0.65,40.2,173.36,214,NA,NA
22-05-2023,13:55:35.100,304300,6031047.23,NA,1,1,0,0.65,40.18,173.39,214,NA,NA
22-05-2023,13:55:34.887,304299.99,6031047.33,NA,1,1,0,0.65,40.16,173.43,214,NA,NA
22-05-2023,13:55:34.565,304299.98,6031047.48,NA,-1,3,-1,0.65,40.17,173.52,214,NA,NA
22-05-2023,13:55:34.352,304299.98,6031047.58,NA,-1,3,-3,0.65,40.16,173.59,214,NA,NA
22-05-2023,13:55:34.136,304299.98,6031047.68,NA,-3,1,-1,0.64,40.15,173.67,214,NA,NA
22-05-2023,13:55:33.817,304299.98,6031047.82,NA,-1,0,3,0.64,40.15,173.8,214,NA,NA
22-05-2023,13:55:33.602,304299.98,6031047.92,NA,3,1,-1,0.63,40.16,173.84,214,NA,NA
22-05-2023,13:55:33.388,304299.98,6031048.02,NA,-1,1,-5,0.63,40.16,173.88,214,NA,NA
22-05-2023,13:55:33.067,304299.98,6031048.16,NA,-1,2,0,0.62,40.18,173.96,214,NA,NA
22-05-2023,13:55:32.853,304299.98,6031048.25,NA,3,1,3,0.62,40.18,174.01,214,NA,NA
22-05-2023,13:55:32.640,304299.99,6031048.35,NA,-6,0,5,0.62,40.2,174.05,214,NA,NA
22-05-2023,13:55:32.320,304300,6031048.48,NA,-6,0,5,0.61,40.2,174.17,214,NA,NA
22-05-2023,13:55:32.107,304300,6031048.57,NA,0,1,0,0.6,40.22,174.24,214,NA,NA
22-05-2023,13:55:31.894,304300.01,6031048.66,NA,-10,1,4,0.59,40.21,174.32,214,NA,NA
22-05-2023,13:55:31.573,304300.02,6031048.8,NA,-4,0,2,0.59,40.24,174.42,214,NA,NA
22-05-2023,13:55:31.360,304300.02,6031048.88,NA,-6,0,4,0.58,40.26,174.47,214,NA,NA
22-05-2023,13:55:31.147,304300.02,6031048.97,NA,7,3,-6,0.57,40.27,174.49,214,NA,NA
22-05-2023,13:55:30.826,304300.01,6031049.1,NA,2,4,1,0.56,40.28,174.49,214,NA,NA
22-05-2023,13:55:30.613,304300.01,6031049.19,NA,2,0,10,0.55,40.3,174.47,214,NA,NA
22-05-2023,13:55:30.293,304300,6031049.33,NA,2,1,5,0.54,40.34,174.4,214,NA,NA
22-05-2023,13:55:30.078,304300,6031049.43,NA,-1,2,1,0.53,40.36,174.34,214,NA,NA
22-05-2023,13:55:29.864,304299.99,6031049.53,NA,0,2,7,0.52,40.36,174.29,214,NA,NA
22-05-2023,13:55:29.544,304299.98,6031049.68,NA,5,3,6,0.52,40.37,174.25,214,NA,NA
22-05-2023,13:55:29.332,304299.96,6031049.77,NA,2,2,5,0.52,40.4,174.22,214,NA,NA
22-05-2023,13:55:29.120,304299.94,6031049.86,NA,-3,0,1,0.51,40.4,174.13,214,NA,NA
22-05-2023,13:55:28.799,304299.91,6031050.01,NA,-3,0,1,0.51,40.4,174.07,214,NA,NA
22-05-2023,13:55:28.585,304299.89,6031050.1,NA,-1,0,2,0.51,40.43,174.01,214,NA,NA
22-05-2023,13:55:28.371,304299.87,6031050.2,NA,-1,2,5,0.51,40.43,173.94,214,NA,NA
22-05-2023,13:55:28.051,304299.84,6031050.36,NA,0,2,4,0.51,40.44,173.86,214,NA,NA
22-05-2023,13:55:27.835,304299.83,6031050.46,NA,-2,1,3,0.51,40.43,173.81,214,NA,NA
22-05-2023,13:55:27.622,304299.81,6031050.56,NA,-3,1,3,0.5,40.44,173.71,214,NA,NA
22-05-2023,13:55:27.303,304299.78,6031050.71,NA,-2,0,3,0.52,40.43,173.62,214,NA,NA
22-05-2023,13:55:27.089,304299.76,6031050.82,NA,-1,-1,2,0.51,40.41,173.57,214,NA,NA
22-05-2023,13:55:26.875,304299.74,6031050.92,NA,-1,-1,2,0.52,40.41,173.5,214,NA,NA
22-05-2023,13:55:26.556,304299.7,6031051.08,NA,-2,2,4,0.52,40.4,173.42,214,NA,NA
22-05-2023,13:55:26.342,304299.69,6031051.18,NA,-3,3,4,0.53,40.41,173.38,214,NA,NA
22-05-2023,13:55:26.128,304299.67,6031051.29,NA,-6,2,2,0.54,40.41,173.3,214,NA,NA
22-05-2023,13:55:25.807,304299.64,6031051.45,NA,-2,-2,3,0.54,40.37,173.21,214,NA,NA
22-05-2023,13:55:25.594,304299.62,6031051.55,NA,-4,-3,-4,0.55,40.36,173.13,214,NA,NA
22-05-2023,13:55:25.381,304299.61,6031051.65,NA,5,4,2,0.56,40.35,173.05,214,NA,NA
22-05-2023,13:55:25.057,304299.58,6031051.8,NA,1,4,6,0.56,40.34,172.96,214,NA,NA
22-05-2023,13:55:24.844,304299.57,6031051.89,NA,2,3,6,0.56,40.35,172.93,214,NA,NA
